{
  "checked_episode_ids": [
    0,
    1,
    2,
    10,
    50,
    100
  ],
  "num_checked_episodes": 6,
  "total_frames": 1908,
  "thresholds": {
    "MIN_EPISODE_LEN": 50,
    "ZERO_ACTION_EPS": 1e-06,
    "ALL_ZERO_RATIO_WARN": 0.95,
    "ACTION_ABS_WARN": 1.05,
    "STATE_ABS_WARN": 10.0
  },
  "totals": {
    "missing_main_images": 0,
    "missing_wrist_images": 0,
    "nan_state_frames": 0,
    "inf_state_frames": 0,
    "nan_action_frames": 0,
    "inf_action_frames": 0,
    "zero_action_frames": 0,
    "action_outlier_frames": 0,
    "state_outlier_frames": 0
  },
  "num_flagged_episodes": 0,
  "flagged_episodes": [],
  "episodes": [
    {
      "episode_file": "episode_000000.parquet",
      "episode_id_from_list": 0,
      "episode_index": 0,
      "num_frames": 214,
      "task_index": 0,
      "task_text": "put the white mug on the left plate and put the yellow and white mug on the right plate",
      "task_mapped": true,
      "state_key": "state",
      "action_key": "actions",
      "main_image_key": "image",
      "wrist_image_key": "wrist_image",
      "missing_main_images": 0,
      "missing_wrist_images": 0,
      "nan_state_frames": 0,
      "inf_state_frames": 0,
      "nan_action_frames": 0,
      "inf_action_frames": 0,
      "zero_action_frames": 0,
      "zero_action_ratio": 0.0,
      "action_outlier_frames": 0,
      "state_outlier_frames": 0,
      "flags": [],
      "action_shape": [
        214,
        7
      ],
      "action_min": [
        -0.39642858505249023,
        -0.7285714149475098,
        -0.5517857074737549,
        -0.12321428209543228,
        -0.07285714149475098,
        -0.09749999642372131,
        -1.0
      ],
      "action_max": [
        0.47410714626312256,
        0.7928571701049805,
        0.6482142806053162,
        0.061071429401636124,
        0.11357142776250839,
        0.04714285582304001,
        1.0
      ],
      "action_std": [
        0.1684504747390747,
        0.40081867575645447,
        0.3154919445514679,
        0.03467259183526039,
        0.03682229667901993,
        0.037301335483789444,
        0.9978576302528381
      ],
      "state_shape": [
        214,
        8
      ],
      "state_min": [
        -0.09937734156847,
        -0.262305349111557,
        0.5090022087097168,
        2.9535176753997803,
        -0.6202048063278198,
        -0.3195846676826477,
        0.00216578203253448,
        -0.03987489640712738
      ],
      "state_max": [
        0.004061548970639706,
        0.3263026177883148,
        0.6783280968666077,
        3.200037717819214,
        0.2585979700088501,
        -0.028236670419573784,
        0.039890043437480927,
        -0.005399784538894892
      ],
      "state_std": [
        0.031378068029880524,
        0.18709546327590942,
        0.04594912752509117,
        0.06270694732666016,
        0.3217035233974457,
        0.08319173008203506,
        0.01651187054812908,
        0.015891386196017265
      ]
    },
    {
      "episode_file": "episode_000001.parquet",
      "episode_id_from_list": 1,
      "episode_index": 1,
      "num_frames": 284,
      "task_index": 1,
      "task_text": "put the white mug on the plate and put the chocolate pudding to the right of the plate",
      "task_mapped": true,
      "state_key": "state",
      "action_key": "actions",
      "main_image_key": "image",
      "wrist_image_key": "wrist_image",
      "missing_main_images": 0,
      "missing_wrist_images": 0,
      "nan_state_frames": 0,
      "inf_state_frames": 0,
      "nan_action_frames": 0,
      "inf_action_frames": 0,
      "zero_action_frames": 0,
      "zero_action_ratio": 0.0,
      "action_outlier_frames": 0,
      "state_outlier_frames": 0,
      "flags": [],
      "action_shape": [
        284,
        7
      ],
      "action_min": [
        -0.7821428775787354,
        -0.5383928418159485,
        -0.6053571701049805,
        -0.11785714328289032,
        -0.12107142806053162,
        -0.26678571105003357,
        -1.0
      ],
      "action_max": [
        0.8276785612106323,
        0.4928571283817291,
        0.6214285492897034,
        0.10178571194410324,
        0.1274999976158142,
        0.061071429401636124,
        1.0
      ],
      "action_std": [
        0.37411805987358093,
        0.18557117879390717,
        0.28797829151153564,
        0.037710461765527725,
        0.05168924853205681,
        0.06267670542001724,
        0.9958018064498901
      ],
      "state_shape": [
        284,
        8
      ],
      "state_min": [
        -0.15802150964736938,
        -0.10634807497262955,
        0.44620636105537415,
        2.9269096851348877,
        -0.8180534839630127,
        -0.568271279335022,
        0.0019096746109426022,
        -0.04052641987800598
      ],
      "state_max": [
        0.14902172982692719,
        0.1673574447631836,
        0.6833913922309875,
        3.201054573059082,
        0.18008582293987274,
        0.5025855898857117,
        0.04022381082177162,
        -0.002836936619132757
      ],
      "state_std": [
        0.09831700474023819,
        0.09625523537397385,
        0.07232974469661713,
        0.06950269639492035,
        0.17392678558826447,
        0.2387363314628601,
        0.014934275299310684,
        0.014975366182625294
      ]
    },
    {
      "episode_file": "episode_000002.parquet",
      "episode_id_from_list": 2,
      "episode_index": 2,
      "num_frames": 345,
      "task_index": 2,
      "task_text": "put the yellow and white mug in the microwave and close it",
      "task_mapped": true,
      "state_key": "state",
      "action_key": "actions",
      "main_image_key": "image",
      "wrist_image_key": "wrist_image",
      "missing_main_images": 0,
      "missing_wrist_images": 0,
      "nan_state_frames": 0,
      "inf_state_frames": 0,
      "nan_action_frames": 0,
      "inf_action_frames": 0,
      "zero_action_frames": 0,
      "zero_action_ratio": 0.0,
      "action_outlier_frames": 0,
      "state_outlier_frames": 0,
      "flags": [],
      "action_shape": [
        345,
        7
      ],
      "action_min": [
        -0.9375,
        -0.6589285731315613,
        -0.8946428298950195,
        -0.15857142210006714,
        -0.21535713970661163,
        -0.2817857265472412,
        -1.0
      ],
      "action_max": [
        0.8303571343421936,
        0.7794643044471741,
        0.8678571581840515,
        0.18642857670783997,
        0.13928571343421936,
        0.19285714626312256,
        1.0
      ],
      "action_std": [
        0.3994355797767639,
        0.3201043903827667,
        0.3185036778450012,
        0.07044127583503723,
        0.07643746584653854,
        0.10507047176361084,
        0.9629833102226257
      ],
      "state_shape": [
        345,
        8
      ],
      "state_min": [
        -0.36914321780204773,
        -0.06604185700416565,
        0.9666718244552612,
        2.68426775932312,
        -2.4348578453063965,
        -1.6532092094421387,
        0.007643902208656073,
        -0.03985508531332016
      ],
      "state_max": [
        0.06075684726238251,
        0.25884127616882324,
        1.1973172426223755,
        3.6714255809783936,
        0.00043911903048865497,
        0.539918065071106,
        0.04002512991428375,
        -0.006704389583319426
      ],
      "state_std": [
        0.10303619503974915,
        0.10811779648065567,
        0.06820592284202576,
        0.24079002439975739,
        0.6881658434867859,
        0.5152576565742493,
        0.014074328355491161,
        0.014532673172652721
      ]
    },
    {
      "episode_file": "episode_000010.parquet",
      "episode_id_from_list": 10,
      "episode_index": 10,
      "num_frames": 383,
      "task_index": 6,
      "task_text": "put both moka pots on the stove",
      "task_mapped": true,
      "state_key": "state",
      "action_key": "actions",
      "main_image_key": "image",
      "wrist_image_key": "wrist_image",