{
  "clean_norm": {
    "num_samples": 30,
    "action_horizon": 10,
    "action_dim": 7,
    "raw_action_l2_mean": 1.2118873596191406,
    "raw_action_l2_std": 0.7691051959991455,
    "raw_action_rmse": 0.5425065755844116,
    "raw_action_mae": 0.26552319526672363,
    "per_dim_mae": [
      0.24377983808517456,
      0.2894267141819,
      0.2545957565307617,
      0.029750503599643707,
      0.04647086560726166,
      0.05194771662354469,
      0.9426910281181335
    ],
    "per_dim_rmse": [
      0.33199113607406616,
      0.3826637268066406,
      0.34487295150756836,
      0.0420403927564621,
      0.08024697750806808,
      0.06241615116596222,
      1.2932531833648682
    ],
    "prediction_mean": [
      0.04376379773020744,
      0.06383337825536728,
      -0.009681381285190582,
      -0.009671770967543125,
      0.0008481345721520483,
      0.016799161210656166,
      -0.4348916709423065
    ],
    "prediction_std": [
      0.20628197491168976,
      0.2471345067024231,
      0.20753821730613708,
      0.031636111438274384,
      0.0589732825756073,
      0.04972011595964432,
      0.7742083668708801
    ],
    "prediction_min": [
      -0.5618108510971069,
      -0.5083495378494263,
      -0.6682118773460388,
      -0.1159745305776596,
      -0.31160300970077515,
      -0.15303006768226624,
      -1.0286729335784912
    ],
    "prediction_max": [
      0.6043013334274292,
      0.7943282723426819,
      0.656080424785614,
      0.1879129856824875,
      0.24265162646770477,
      0.15908978879451752,
      1.0929023027420044
    ],
    "variant": "norm",
    "config": "pi05_libero_day18_n50_s100",
    "checkpoint": "checkpoints/pi05_libero_day18_n50_s100/day18_n50_s100/99",
    "episode_start": 50,
    "num_episodes": 10,
    "samples_per_episode": 3,
    "noise_seed": 2026,
    "mean_inference_ms": 794.1505978504816
  },
  "clean_no_norm": {
    "num_samples": 30,
    "action_horizon": 10,
    "action_dim": 7,
    "raw_action_l2_mean": 1.3374903202056885,
    "raw_action_l2_std": 0.661577582359314,
    "raw_action_rmse": 0.5639864802360535,
    "raw_action_mae": 0.2977100908756256,
    "per_dim_mae": [
      0.20157112181186676,
      0.2695613503456116,
      0.24368436634540558,
      0.07804328948259354,
      0.14185354113578796,
      0.0937783494591713,
      1.0554786920547485
    ],
    "per_dim_rmse": [
      0.2852783203125,
      0.3724418580532074,
      0.34021469950675964,
      0.15893301367759705,
      0.38550442457199097,
      0.172121062874794,
      1.2989318370819092
    ],
    "prediction_mean": [
      0.010118342004716396,
      -0.016258105635643005,
      -0.028560711070895195,
      -0.0047089047729969025,
      -0.021942902356386185,
      0.0006007644697092474,
      -0.011106557212769985
    ],
    "prediction_std": [
      0.14347143471240997,
      0.25138628482818604,
      0.22257283329963684,
      0.15766297280788422,
      0.37438660860061646,
      0.1741732358932495,
      0.7611933946609497
    ],
    "prediction_min": [
      -0.3830658495426178,
      -0.7816386222839355,
      -0.7789862155914307,
      -0.8372732400894165,
      -2.1526079177856445,
      -0.7891151905059814,
      -1.0652997493743896
    ],
    "prediction_max": [
      0.6158320903778076,
      0.5817052125930786,
      0.6637134552001953,
      0.6275739669799805,
      1.1951332092285156,
      0.6834297180175781,
      1.0488862991333008
    ],
    "variant": "no_norm",
    "config": "pi05_libero_day18_n50_nonorm_s100",
    "checkpoint": "checkpoints/pi05_libero_day18_n50_nonorm_s100/day18_n50_nonorm_s100/99",
    "episode_start": 50,
    "num_episodes": 10,
    "samples_per_episode": 3,
    "noise_seed": 2026,
    "mean_inference_ms": 798.1336325407028
  },
  "dirty_norm": {
    "num_samples": 30,
    "action_horizon": 10,
    "action_dim": 7,
    "raw_action_l2_mean": 1.3083575963974,
    "raw_action_l2_std": 0.7520446181297302,
    "raw_action_rmse": 0.570384681224823,
    "raw_action_mae": 0.28489017486572266,
    "per_dim_mae": [
      0.2312275469303131,
      0.28355440497398376,
      0.2471366673707962,
      0.029676713049411774,
      0.049697261303663254,
      0.07987258583307266,
      1.0730658769607544
    ],
    "per_dim_rmse": [
      0.299765020608902,
      0.38827455043792725,
      0.3647213876247406,
      0.0419141985476017,
      0.08453810960054398,
      0.09737961739301682,
      1.3730792999267578
    ],
    "prediction_mean": [
      0.06608330458402634,
      0.03168133273720741,
      0.012863775715231895,
      -0.0073968456126749516,
      -0.0013491936260834336,
      0.006700876634567976,
      -0.18460313975811005
    ],
    "prediction_std": [
      0.17926733195781708,
      0.2633405029773712,
      0.22429750859737396,
      0.030462805181741714,
      0.06644754111766815,
      0.09443514049053192,
      0.8400464653968811
    ],
    "prediction_min": [
      -0.6062471866607666,
      -0.7845027446746826,
      -0.3780761957168579,
      -0.07341375201940536,
      -0.3548738360404968,
      -0.2792035937309265,
      -1.024462342262268
    ],
    "prediction_max": [
      0.4965984523296356,
      0.5612450242042542,
      0.7582522034645081,
      0.21267564594745636,
      0.30761751532554626,
      0.18365098536014557,
      1.0587294101715088
    ],
    "variant": "dirty",
    "config": "pi05_libero_day18_n50_dirty_s100",
    "checkpoint": "checkpoints/pi05_libero_day18_n50_dirty_s100/day18_n50_dirty_s100/99",
    "episode_start": 50,
    "num_episodes": 10,
    "samples_per_episode": 3,
    "noise_seed": 2026,
    "mean_inference_ms": 800.3957955787579
  }
}