experiment,raw_action_l2_mean,raw_action_rmse,raw_action_mae,mean_inference_ms
clean_norm,1.2118873596191406,0.5425065755844116,0.26552319526672363,794.1505978504816
clean_no_norm,1.3374903202056885,0.5639864802360535,0.2977100908756256,798.1336325407028
dirty_norm,1.3083575963974,0.570384681224823,0.28489017486572266,800.3957955787579
