{
  "norm_stats": {
    "state": {
      "mean": [
        -0.037862539291381836,
        0.029117126017808914,
        0.7274068593978882,
        3.0002524852752686,
        -0.13771302998065948,
        -0.07687048614025116,
        0.027188504114747047,
        -0.02797369472682476
      ],
      "std": [
        0.11885727196931839,
        0.14698649942874908,
        0.40357449650764465,
        0.2761358916759491,
        0.7998070120811462,
        0.24388961493968964,
        0.013849196024239063,
        0.01335375476628542
      ],
      "q01": [
        -0.4691048562526703,
        -0.2964552342891693,
        0.012275752611458302,
        1.5944156646728516,
        -2.34741473197937,
        -0.8960527181625366,
        -0.0006441582809202373,
        -0.04054240882396698
      ],
      "q99": [
        0.12040457293987272,
        0.29083041065931325,
        1.2674972887963056,
        3.1930848731994628,
        2.3791552758216854,
        0.5790427993297576,
        0.04040770052764565,
        -0.002245486648753292
      ]
    },
    "actions": {
      "mean": [
        0.08159463852643967,
        0.13063928484916687,
        -0.09071783721446991,
        -0.002003928180783987,
        0.0024957137648016214,
        -0.0015817852690815926,
        -0.07199996709823608
      ],
      "std": [
        0.34045112133026123,
        0.35486531257629395,
        0.4576602876186371,
        0.03702424839138985,
        0.058029357343912125,
        0.07507897913455963,
        0.9974046349525452
      ],
      "q01": [
        -0.603,
        -0.6994178829193115,
        -0.9375,
        -0.14580385296046733,
        -0.15752871788740158,
        -0.17903785124123095,
        -1.0
      ],
      "q99": [
        0.937125,
        0.9371539285659791,
        0.937125,
        0.10494385360181335,
        0.15315363753438,
        0.2645721397787333,
        0.9996
      ]
    }
  }
}